"cod","sigla","nome","descricao","selecionada"
130,"EMC","Emenda na Comissão","Emenda Apresentada na Comissão","n"
131,"EMP","Emenda de Plenário","Emenda de Plenário","n"
132,"EMS","Emenda/Substitutivo do Senado","Emenda/Substitutivo do Senado","n"
133,"INC","Indicação","Indicação","n"
134,"MSC","Mensagem","Mensagem","n"
135,"PDC","Projeto de Decreto Legislativo","Projeto de Decreto Legislativo","s"
136,"PEC","Proposta de Emenda à Constituição","Proposta de Emenda à Constituição (Art. 60 CF c/c art. 201 a 203, RICD)","s"
137,"PET","Petição","Petição","s"
138,"PFC","Proposta de Fiscalização e Controle","Proposta de Fiscalização e Controle","n"
139,"PL","Projeto de Lei","Projeto de Lei","s"
140,"PLP","Projeto de Lei Complementar","Projeto de Lei Complementar (Art. 61 CF)","s"
141,"PRC","Projeto de Resolução","Projeto de Resolução","s"
142,"PRN","Projeto de Resolução do Congresso Nacional","Projeto de Resolução (CN)","s"
143,"RCP","Requerimento de Instituição de CPI","Requerimento de Instituição de Comissão Parlamentar de Inquérito","n"
144,"REC","Recurso","Recurso","n"
145,"REM","Reclamação","Reclamação","n"
146,"REP","Representação","Representação","n"
147,"REQ","Requerimento",,"n"
148,"RIC","Requerimento de Informação","Requerimento de Informação (Art. 116, RICD)","n"
150,"REQ","Requerimento de Convocação",,"n"
151,"SIT","Solicitação de Informação ao TCU","Solicitação de Informação ao TCU","n"
153,"TVR","Ato de Concessão e Renovação de Concessão de Emissora de Rádio e Televisão","TVR","n"
154,"REC","Recurso do Congresso Nacional","Recurso do Congresso Nacional","s"
171,"INA","Indicação de Autoridade","Indicação de Autoridade","n"
181,"OF","Ofício","Ofício","n"
185,"P.C","Parecer (CD)","Parecer (CD)","n"
187,"PAR","Parecer de Comissão","Parecer de Comissão","n"
189,"MAN","Manifestação do Relator","Manifestação do Relator","n"
190,"PRL","Parecer do Relator","Parecer Relator","n"
191,"PRV","Parecer Vencedor","Parecer Vencedor","n"
192,"PPP","Parecer Proferido em Plenário","Parecer Proferido em Plenário","n"
193,"PRR","Parecer Reformulado","Parecer Reformulado","n"
195,"CVO","Complementação de Voto","Complementação de Voto","n"
196,"PES","Parecer às Emendas Apresentadas ao Substitutivo do Relator","Parecer às emendas apresentadas ao Substitutivo do Relator ","n"
197,"RDF","Redação Final","Redação Final","n"
201,"MAN","Manifestação pela Prejudicialidade da Matéria","Manifestação pela Prejudicialidade da Matéria","n"
202,"MAN","Manifestação pela Incompetência da Comissão","Manifestação pela Incompetência da Comissão","n"
211,"PRF","Projeto de Resolução do Senado Federal","Projeto de Resolução do Senado Federal","n"
246,"CST","Solicitação de Pronunciamento","CST","n"
253,"SGM","Ofício da Mesa","Ofício da Mesa","n"
254,"DIS","Discurso","Discurso","n"
255,"SBT","Substitutivo","Substitutivo","n"
256,"SBE","Subemenda","Subemenda","n"
257,"EMR","Emenda de Relator","Emenda de Relator","n"
258,"ESB","Emenda ao Substitutivo","Emenda ao Substitutivo","n"
260,"VTS","Voto em Separado","Voto em Separado","n"
261,"DTQ","Destaque","Destaque","n"
262,"REL","Relatório de Subcomissão","Relatório de Subcomissão","n"
263,"DTN","Destaque (CN)","Destaque de Bancada (CN) ou Destaque Simples (CN)","n"
270,"DVT","Declaração de Voto","Declaração de Voto","n"
273,"EML","Emenda à LDO","Emenda à LDO","n"
276,"SDL","Sugestão de Emenda à LDO - CLP","Sugestão de Emenda à LDO","n"
285,"SUG","Sugestão","Sugestão","n"
286,"SUM","Súmula","Súmula","n"
287,"EMO","Emenda ao Orçamento","Emenda ao Orçamento","n"
288,"SOA","Sugestão de Emenda ao Orçamento - CLP","Sugestão de Emenda ao Orçamento","n"
289,"REL","Relatório de CPI","Relatório de CPI","n"
290,"EMD","Emenda","Emenda","n"
291,"MPV","Medida Provisória","Medida Provisória","S"
292,"REL","Relatório","Relatório","n"
293,"REQ","Requerimento de Sessão Solene",,"n"
294,"REQ","Requerimento de Audiência Pública",,"n"
295,"DEN","Denúncia","Denúncia","n"
296,,"D) PARECERES, MANIFESTAÇÕES E REDAÇÃO FINAL","E) PARECERES, MANIFESTAÇÕES E REDAÇÃO FINAL","n"
297,,"C) EMENDAS (RICD Cap. V)","D) EMENDAS (RICD Cap. V)","S"
298,,"H) OUTRAS PROPOSIÇÕES ACESSÓRIAS","OUTRAS PROPOSIÇÕES ACESSÓRIAS","S"
299,,"E) REQUERIMENTOS (RICD Cap IV)","F) REQUERIMENTOS (RICD Cap IV)","n"
301,,"A) PROPOSIÇÕES CF/88 Art. 59","A) PROPOSIÇÕES CF/88 Art. 59","S"
302,,"B) PROPOSIÇÕES CF/88 Arts 58, 70 e 223, e RICD Art 100.","B) PROPOSIÇÕES CF/88 Arts 58, 70 e 233, e RICD Art 100.","S"
303,,"F) SUGESTÕES","G) SUGESTÕES","S"
304,"REQ","Requerimento de Apensação","Ar. 142, RICD","n"
305,"REQ","Requerimento de Desapensação",,"n"
306,"REQ","Requerimento de Audiência solicitada por Deputado",,"n"
307,"REQ","Requerimento de Audiência solicitada por Comissão ou Deputado",,"n"
308,"REQ","Requerimento de Redistribuição",,"n"
310,"REQ","Requerimento de Inclusão ou Retirada de Assinatura em Proposição de Iniciativa Coletiva Obrigatória",,"n"
311,"REQ","Requerimento de Retirada de Proposição de Iniciativa Individual",,"n"
312,"REQ","Requerimento de Retirada de Proposição de Iniciativa Coletiva",,"n"
313,"REQ","Requerimento de Inclusão ou Retirada de Assinatura em Proposição de Iniciativa Individual",,"n"
314,"REQ","Requerimento de Envio de proposições pendentes de parecer à Comissão seguinte ou ao Plenário",,"n"
315,"REQ","Requerimento de Retirada do requerimento de urgência (matéria com requerimento apresentado e não votado)",,"n"
316,"REQ","Requerimento de Retirada do requerimento de informação",,"n"
317,"REQ","Requerimento de Constituição de Comissão Parlamentar de Inquerito (CPI)",,"n"
318,"REQ","Requerimento de Inclusão na Ordem do Dia","Inclusão na Ordem do Dia (Art. 135 c/c 114, XIV, RICD)","n"
319,"REQ","Requerimento de Retirada de proposição","Retirada de proposição com parecer (Art. 104, c/c art. 114, V e VII, RICD)","n"
321,"REQ","Requerimento de Extinção do regime de urgência (matéria com urgência votada)","Extinção do regime de urgência (Art. 156, c/c art. 104, RICD)","n"
322,"REQ","Requerimento de Tramitação de proposição em regime de prioridade",,"n"
323,"REQ","Requerimento de quebra de interstício para inclusão de matéria prevista no art. 17, I, s (Agenda Mensal) na Ordem do Dia","Dispensa de interstício para inclusão na Ordem do Dia (Art. 150, § único, RICD)","n"
324,"REQ","Requerimento de Destaque para votação em separado de parte de proposição (DVS)",,"n"
327,"RPD","Requerimento de Retirada da OD de proposições com pareceres favoraveis",,"n"
328,"RPD","Requerimento de Retirada da OD de proposição nela incluída","Retirada da OD de proposição nela incluída (Art. 117, VI, RICD)","n"
329,"RPD","Requerimento de Adiamento da Discussão","Adiamento de discussão nos termos do art. 177, c/c art. 101, II,2, RICD.","n"
330,"RPD","Requerimento de Dispensa da Discussão","Dispensa da discussão (Art. 101, II, 2, RICD)","n"
331,"RPD","Requerimento de Encerramento da Discussão","Encerramento de discussão (Art. 178, § 2º, c/c art. 101, II, 2, RICD)","n"
332,"RPD","Requerimento de Votação pelo processo nominal","Votação por determinado processo (Art. 101, II, 3, c/c art. 189, § 3º, RICD)","n"
333,"RPD","Requerimento de Votação parcelada da proposição","Votação em globo ou parcelada (Art. 101, II, 3, c/c art. 189, § 3º RICD)","n"
334,"RPD","Requerimento de Verificação de votação","Verificação de votação (Art. art. 185, §5º, RICD)","n"
335,"RPD","Requerimento de Votação por escrutínio secreto","Votação por escrutínio secreto (Art. 188, II, RICD)","n"
336,"RPD","Requerimento de Adiamento da Votação","Adiamento da votação nos termos do Art. 193º c/c 117, X do RICD.","n"
337,"RPD","Requerimento de Preferência para votação ou discussão de uma proposição","Preferência para votação ou discussão de uma proposição (Art. 160, RICD)","n"
338,"RPD","Requerimento de Dispensa do avulso da redação final",,"n"
339,"REQ","Requerimento de Reconstituição de proposição",,"n"
340,"REQ","Requerimento de Inclusão na Ordem do Dia de proposição (Durante o período ordinário)",,"n"
341,"REQ","Requerimento de Publicação de Parecer de Comissão aprovado",,"n"
342,"REQ","Requerimento de Reabertura de discussão de projeto de Sessão Legislativa anterior",,"n"
343,"REQ","Requerimento de Transformação de Sessão Plenária em Comissão Geral",,"n"
344,"REQ","Requerimento de Retificação de Ata",,"n"
345,"RPD","Requerimento de Prorrogação de sessão","Prorrogação de sessão (Art. 72, RICD)","n"
346,"RPD","Requerimento de Prorrogação da Ordem do Dia","Prorrogação da Ordem do Dia (Art. 84, RICD)","n"
347,"REQ","Requerimento de Convocação de Sessões Extraordinarias para matérias constantes do ato de convocação",,"n"
348,"REQ","Requerimento de Prorrogação de prazo de Comissão Temporária",,"n"
349,"REQ","Requerimento de Constituição de Comissão Externa",,"n"
350,"REQ","Requerimento de Realização de Sessão Extraordinária",,"n"
351,"REQ","Requerimento de Realização de Sessão secreta",,"n"
353,"REQ","Requerimento de Não realização de sessão solene em determinado dia",,"n"
354,"REQ","Requerimento de Voto de regozijo ou louvor",,"n"
355,"REQ","Requerimento de Voto de pesar",,"n"
356,"REQ","Requerimento de Convocação de Ministro de Estado no Plenário",,"n"
357,"REQ","Requerimento de Quebra de sigilo (Requerimentos não especificados no RICD",,"n"
358,"REQ","Requerimento de Encaminha copia de Relatorio Final de C. Temporaria ",,"n"
359,"REQ","Requerimento de Constituição de Comissão Especial de PEC",,"n"
360,"REQ","Requerimento de Inserção nos Anais",,"n"
361,"REQ","Requerimento de Publicação de documentos discursos de outro poder nao lidos na integra por deputado",,"n"
362,"REQ","Requerimento de Adocão de providências em face da ausência de resposta no prazo constitucional a RIC","Art. 50, § 2º da CF c/c art. 105, RICD.","n"
363,"REQ","Requerimento de Desarquivamento de Proposições",,"n"
364,"REQ","Requerimento de Afastamento para tratamento de saude superior a 120 dias.","Art. 235, II, RICD.","n"
365,"REQ","Requerimento de Afastamento para tratamento de saúde inferior a 120 dias.","Art. 235, II, RICD.","n"
366,"REQ","Requerimento de Afastamento por licença de saude e consecutivamente afastamento para tratar de assunto particular superior a 120 dias.","Art. 235, II e III, RICD.","n"
368,"REQ","Requerimento de Afastamento para investidura em cargo publico","Art. 56, inciso I da CF c/c com art. 235, IV, RICD.","n"
369,"REQ","Requerimento de Prorrogação de licença para tratamento de saúde (licença superior a 120 dias)",,"n"
370,"REQ","Requerimento de Interrupção da licença superior a 120 dias",,"n"
371,"REQ","Requerimento de Justificativa de falta",,"n"
372,"REC","Recurso contra devolução de requerimento de CPI (Art. 35, § 2º, RICD)","Contra devolução de requerimento de CPI (Art. 35, § 1º, RICD)","n"
373,"REC","Recurso contra apreciação conclusiva de comissão (Art. 58, § 1º c/c art. 132, § 2º, RICD)","Contra apreciação conclusiva de comissão (Art. 58, § 1º, RICD)","n"
374,"REC","Recurso contra apreciação conclusiva com pareceres contrarios (Art. 133, RICD)","Contra apreciação conclusiva com pareceres contrarios (Art. 133, RICD)","n"
375,"REC","Recurso contra parecer terminativo de comissão (Art. 132, § 2º c/c art. 144, caput, RICD)","Contra parecer terminativo de comissão (Art. 132, § 2º c/c art. 144, caput, RICD)","n"
376,"REC","Recurso contra devolução de proposição (Art. 137, § 2º, RICD)","Contra devolução de proposição (Art. 137, § 2º, RICD)","n"
377,"REC","Recurso contra deferimento/indeferimento de audiencia (Art. 140, I, RICD)","Contra deferimento/indeferimento de audiencia (Art. 140, I, RICD)","n"
378,"REC","Recurso contra redistribuição de proposição (Art. 141, RICD)","Contra redistribuição de proposição (Art. 141, § 4º, RICD)","n"
379,"REC","Recurso contra apensação/desapensação de proposição (Art. 142, I, RICD)","Contra apensação/desapensação de proposição (Art. 142, I, RICD)","n"
380,"REC","Recurso contra deferimento/indeferimento retirada proposição (Art. 104, caput, RICD)","Contra deferimento/indeferimento retirada proposição (Art. 104, caput, RICD)","n"
381,"REC","Recurso contra declaração de prejudicialidade. (Art. 164, § 2º, RICD)","Contra declaração de prejudicialidade. (Art. 164, § 2º, RICD)","n"
382,"REC","Recurso contra decisão do Presidente da CD em Questao de Ordem (Art. 95, § 8º, RICD)","Contra decisão do Presidente da CD em Questao de Ordem (Art. 95, § 8º, RICD)","n"
383,"REC","Recurso contra decisão de Presidente de Comissão em Questão de Ordem (Art. 57, XXI c/c art. 17, III, f, RICD)","Contra decisão de Presidente de Comissão em Questão de Ordem (Art. 57, XXI c/c art. 17, III, f, RICD)","n"
384,"REC","Recurso contra indeferimento de Requerimento de Infomação (Art. 115, parágrafo único, RICD)","Contra indeferimento de Requerimento de Infomação (Art. 115, parágrafo único, RICD)","n"
385,"REC","Recurso contra nao recebimento de emenda (Art. 125, caput, RICD)","Contra nao recebimento de emenda (Art. 125, caput, RICD)","n"
386,"REC","Recurso contra improcedencia de retificação de ata (Art. 80, § 1º, RICD)","Contra improcedencia de retificação de ata (Art. 80, § 1º, RICD)","n"
387,"REC","Recurso contra indeferimento de requerimento para publicação em ata (Art. 98, § 3º, RICD)","Contra indeferimento de requerimento para publicação em ata (Art. 98, § 3º, RICD)","n"
388,"REC","Recurso contra a não publicação de pronunciamento ou expressão (Art. 98, 6º, RICD)","Contra a não publicação de pronunciamento ou expressão (Art. 98, 6º, RICD)","n"
389,"REC","Recurso contra nao recebimento de denuncia crime responsabilidade (Art. 218, § 3º, RICD)","Contra nao recebimento de denuncia crime responsabilidade (Art. 218, § 3º, RICD)","n"
390,"PLV","Projeto de Lei de Conversão","Projeto de Lei de Conversão","S"
391,"REQ","Requerimento de Urgência (Art. 154, II, do RICD)","Urgencia (Art. 154 do RICD)","n"
392,"REQ","Requerimento de Urgência (Art. 155 do RICD)","Urgência (Art. 155 do RICD)","n"
393,"REQ","Requerimento de Adiamento de discussão em regime de urgência","Aditamento de discussão em regime de urgência nos termos do art. 177, §1º do RICD.","n"
394,"PDC","Projeto de Decreto Legislativo de Medida Provisória","Medida Provisória (Art. 62, § 3º da CF)","s"
395,"PDC","Projeto de Decreto Legislativo de Referendo ou Plebiscito","Plebiscito (Art. 49, XV da CF c/c o art. 3º Lei 9.709/98)","s"
396,"PDC","Projeto de Decreto Legislativo de Concessão, Renovação e Permissão de Radio/TV","Concessão/Renovação de Radio/TV (Art. 49, XII c/c 223 da CF)","s"
397,"PDC","Projeto de Decreto Legislativo de Acordos, tratados ou atos internacionais","Acordos, tratados ou atos internacionais (Art. 49, I da CF)","s"
398,"PDC","Projeto de Decreto Legislativo de Indicação de Autoridade ao TCU","Indicação de Autoridade ao TCU (Art. 49, XIII da CF)","s"
400,"PRC","Projeto de Resolução de Criação de CPI","Criação de CPI (Art. 35 do RICD)","n"
401,"MSC","Mensagem de Concessão ou Renovação de Rádio e TV ","Concessão de Rádio e TV (Art. 49, XII c/c 223 CF)","n"
402,"REC","Recurso contra aplicação de censura verbal (Art. 11, Parágrafo único do CEDP)","Contra aplicação de censura verbal (Art. 11, Parágrafo único do CEDP)","n"
403,"MSC","Mensagem de Comunica ausência do país","Comunica ausência do país","n"
404,"MSC","Mensagem de Cancelamento de Urgência","Cancelamento de Urgência","n"
405,"MSC","Mensagem de Retirada de proposição","Retirada de proposição","n"
406,"MSC","Mensagem de Solicitação de urgência ","Solicitação de urgência ","n"
407,"PDC","Projeto de Decreto Legislativo de Programação Monetária","Programação Monetária (Lei nº 9.069/95)","s"
408,"PDC","Projeto de Decreto Legislativo de Sustação de Atos Normativos do Poder Executivo","Susta atos normativos do Poder Executivo.","s"
409,"AV","Demonstrativo de emissão do real","Demonstrativo de emissão do real (Lei nº 9.069/95)","n"
410,"MSC","Mensagem de Indicação de Líder","Indicação de Líder","n"
411,"MSC","Mensagem de Acordos, convênios, tratados e atos internacionais","Acordos, convênios, tratados e atos internacionais","n"
412,"MSC","Mensagem de Restituição de Autógrafos","Restituição de Autógrafos","n"
413,"REQ","Requerimento de Retirada de proposição sem parecer",,"n"
414,"MSC","Mensagem de ausência do país por mais de 15 dias ","Mensagem de ausência do país por mais de 15 dias (Art. 49, III, CF)","n"
415,"MSC","Mensagem de ausência do país por menos de 15 dias  ","Mensagem de ausência do país por menos de 15 dias  (Art. 49, III, CF)","n"
417,"TVR","Autorização - Rádio Comunitária","Autorização - Rádio Comunitária","n"
418,"TVR","Concessão - Rádio Ondas Curtas","Concessão - Rádio Ondas Curtas","n"
419,"TVR","Concessão - Rádio Ondas Médias","Concessão - Rádio Ondas Médias","n"
420,"TVR","Concessão Rádio Ondas Médias Educativa","Concessão Rádio Ondas Médias Educativa","n"
421,"TVR","Concessão Rádio Ondas Tropicais","Concessão Rádio Ondas Tropocais","n"
422,"TVR","Concessão Radiodifusão Sons e Imagens","Concessão Radiodifusão Sons e Imagens","n"
423,"TVR","Concessão TV Educativa","Concessão TV Educativa","n"
424,"TVR","Permissão Frequência Modulada Educativa","Permissão Frequência Modulada Educativa","n"
425,"TVR","Permissão Rádio Frequência Modulada","Permissão Rádio Frequência Modulada","n"
426,"TVR","Permissão Rádio Ondas Médias Local","Permissão Rádio Ondas Médias Local","n"
427,"TVR","Renovação Rádio Comunitária","Renovação Rádio Comunitária","n"
428,"TVR","Renovação Rádio Frequência Modulada","Renovação Rádio Frequência Modulada","n"
429,"TVR","Renovação Rádio Frequência Modulada Educativa","Renovação Rádio Frequência Modulada Educativa","n"
430,"TVR","Renovação Rádio Ondas Curtas","Renovação Rádio Ondas Curtas","n"
431,"TVR","Renovação Rádio Ondas Médias","Renovação Rádio Ondas Médias","n"
432,"TVR","Renovação Rádio Ondas Médias Local","Renovação Rádio Ondas Médias Local","n"
433,"TVR","Renovação Rádio Ondas Médias Educativa","Renovação Rádio Ondas Médias Educativa","n"
434,"TVR","Renovação Rádio Ondas Tropicais","Renovação  Rádio Ondas Tropicais","n"
435,"TVR","Renovação TV Sons e Imagens","Renovação TV Sons e Imagens","n"
436,"TVR","Renovação TV Educativa","Renovação TV Educativa","n"
437,"MSC","Mensagem de Cumprimento de meta","Cumprimento de meta","n"
439,"DCR","Denúncia por Crime de Responsabilidade","Denúncia por crime de responsabilidade","n"
440,,"J) NÃO PROPOSIÇÃO","Não Proposição","n"
441,"REQ","Requerimento de Moção",,"n"
442,"PEP","Parecer às Emendas de Plenário",,"n"
443,"PSS","Parecer às Emendas ou ao Substitutivo do Senado",,"n"
444,"PRC","Projeto de Resolução de Alteração do Regimento e outros",,"n"
445,"NIC","Norma Interna",,"n"
448,"REQ","Requerimento não previsto",,"n"
449,"MSC","Mensagem de Implementação da Lei 10.147/00",,"n"
450,"ERD","Emenda de Redação",,"n"
451,"PPR","Parecer Reformulado de Plenário",,"n"
452,"TER","Termo de Implementação",,"n"
453,"RLP","Relatório Prévio",,"n"
454,"PDC","Projeto de Decreto Legislativo de Perempção da Concessão",,"n"
455,"RLF","Relatório Final",,"n"
456,"PRT","Parecer Técnico",,"n"
457,"PRO","Proposta",,"n"
459,"REC","Recurso contra decisão de presidente de Comissão em Reclamação (Art. 96, § 2º, RICD)",,"n"
460,"OBJ","Objeto de Deliberação",,"n"
461,"MSC","Mensagem de Missão de Paz (Art. 15 da LC 97/99)","Art. 15 da Lei Complementar nº 97/99","n"
462,,"I) OUTROS ITENS SUJEITOS À DELIBERAÇÃO",,"n"
463,,"G) PROPOSIÇÔES CN E SF TRAMITANDO NA CÂMARA (CMO E MERCOSUL)",,"n"
464,"PLS","Projeto de Lei do Senado Federal",,"s"
465,"PLC","Projeto de Lei da Câmara dos Deputados (SF)",,"s"
466,"PDS","Projeto de Decreto Legislativo (SF)",,"s"
467,"RPD","Requerimento de Adiamento de Votação de Matéria Urgente","Adiamento de Votação em Regime de Urgência, nos termos do art. 177, § 1º do RICD.","n"
468,"REQ","Requerimento de Encerramento de discussão em Comissão",,"n"
482,"RDV","Redação do Vencido",,"n"
483,"RST","Redação para o segundo turno",,"n"
484,"RLP(R)","Relatório Prévio Reformulado",,"n"
485,"PDC","Projeto de Decreto Legislativo de Aprovação de Contas dos Presidentes",,"s"
486,"RPD","Requerimento Procedimental de Sessão/Reunião",,"n"
487,"EPP","Emenda ao Plano Plurianual","Emenda ao Plano Plurianual","n"
488,"EAG","Emenda Substitutiva Aglutinativa Global",,"n"
489,"MSC","Mensagem que Propõe alteração a Projeto",,"n"
490,"PEA","Parecer à Emenda Aglutinativa",,"n"
491,"SPA","Sugestão de Emenda ao PPA - CLP",,"n"
492,"TVR","Autorização - Rádio Comunitária - Dez anos","Autorização - Rádio Comunitária - Dez anos","n"
493,"MSC","Mensagem de Perempção de Rádio/TV",,"n"
494,"PDC","Projeto de Decreto Legislativo de Alteração de Decreto Legislativo",,"s"
495,"AV","Aviso",,"n"
496,"IAN","Indicação da ANC (1987-88)",,"n"
497,"OF","Ofício Externo",,"n"
498,"PCA","Parecer da ANC (1987-88)",,"n"
499,"PDA","Projeto de Decisão da ANC (1987-88)",,"n"
500,"PDC","Projeto de Decreto Legislativo de Autorização do Congresso Nacional",,"s"
501,"PRA","Projeto de Resolução da ANC (1987-88)",,"n"
503,"RCM","Requerimento de Comissão Mista",,"n"
504,"RQA","Requerimento de Informações da ANC (1987-88)",,"n"
505,"RQC","Requerimento de Convocação",,"n"
506,"AA","Autógrafo",,"n"
507,"REC","Recurso contra Inadmissibilidade de PEC (Art. 202, § 1º do RICD)",,"n"
508,"ESP","Emenda Substitutiva de Plenário",,"n"
509,"SSP","Subemenda Substitutiva de Plenário",,"n"
513,"MSC","Mensagem de Implementação da Lei 10.707/03",,"n"
514,"PDC","Projeto de Decreto Legislativo de Ministro do TCU",,"s"
515,,"K) PROPOSIÇÕES INATIVAS IMPORTADAS SINOPSE",,"n"
516,"REQ","Requerimento de Inclusão na Ordem do Dia de proposição (com previsão ou durante o período de Convocação Extraordinário)",,"n"
517,"REQ","Requerimento de Interrupção da licença inferior a 120 dias",,"n"
518,"RPD","Requerimento de Votação em globo dos destaques simples",,"n"
519,"REQ","Requerimento de Afastamento paramissão temporária de caráter diplomático ou cultural",,"n"
520,"REQ","Requerimento de Constituição de Comissão Especial de Projeto de Código",,"n"
521,"REQ","Requerimento de Constituição de Comissão Especial de Projeto",,"n"
522,"REQ","Requerimento de Constituição de Comissão Especial de Estudo",,"n"
523,"REQ","Requerimento de Convocação de Ministro de Estado na Comissão",,"n"
524,"REQ","Requerimento de Convocação de Sessão Extraordinária do CN",,"n"
525,"REQ","Requerimento de Convocação de reunião extraordinária de comissão",,"n"
526,"REQ","Requerimento de Destaque votação de emenda ou parte",,"n"
527,"REQ","Requerimento de Destaque para votação de subemenda ou parte",,"n"
528,"REQ","Requerimento de Destaque para tornar parte de emenda ou proposição projeto autonomo",,"n"
529,"REQ","Requerimento de Destaque para votação de projeto ou substitutivo ou parte deles quando a preferencia cair sobre outro ou sobre proposições apensadas",,"n"
530,"REQ","Requerimento de Destaque para votação de parte da proposição",,"n"
531,"RPD","Requerimento de Prorrogação da sessão para discussão e votação da matéria da Ordem do Dia",,"n"
532,"RPD","Requerimento de Prorrogação da sessão para audiência de Ministro de Estado",,"n"
533,"RPD","Requerimento de Prorrogação da sessão para realização de homenagens",,"n"
534,"REQ","Requerimento de Prorrogação de licença para tratamento de saúde (Licença inferior a 120 dias)",,"n"
535,"MMP","Mensagem (MPU)",,"n"
536,"RIN","Requerimento de Resolução Interna",,"n"
537,"MST","Mensagem (STF)",,"n"
538,"APJ","Anteprojeto",,"s"
539,"RQN","Requerimento do Congresso Nacional","Solicitação feita pela Claudia da SGM em 30/05/2005 as 18:14 (Incluído por MarcoRuas).
Requerimento do Congresso nacional que servirá de suporte aos recursos R.C (novos recursos). ","n"
540,"R.C","Recurso do Congresso Nacional","Solicitação feita pela Claudia da SGM em 30/05/2005 as 18:14 (Incluído por MarcoRuas).
Os recursos existente em RCN serão transferidos para este novo código.","n"
541,"MSC","Mensagem de Tranferência de Controle Societário",,"n"
550,"PDL","Projeto de Decreto Legislativo","Projeto de Decreto Legislativo","s"
551,"PDL","Projeto de Decreto Legislativo de Medida Provisória","Medida Provisória (Art. 62, § 3º da CF)","s"
552,"PDL","Projeto de Decreto Legislativo de Referendo ou Plebiscito","Plebiscito (Art. 49, XV da CF c/c o art. 3º Lei 9.709/98)","s"
553,"PDL","Projeto de Decreto Legislativo de Concessão, Renovação e Permissão de Radio/TV","Concessão/Renovação de Radio/TV (Art. 49, XII c/c 223 da CF)","s"
554,"PDL","Projeto de Decreto Legislativo de Acordos, tratados ou atos internacionais","Acordos, tratados ou atos internacionais (Art. 49, I da CF)","s"
555,"PDL","Projeto de Decreto Legislativo de Indicação de Autoridade ao TCU","Indicação de Autoridade ao TCU (Art. 49, XIII da CF)","s"
556,"PDL","Projeto de Decreto Legislativo de Programação Monetária","Programação Monetária (Lei nº 9.069/95)","s"
557,"PDL","Projeto de Decreto Legislativo de Sustação de Atos Normativos do Poder Executivo","Susta atos normativos do Poder Executivo.","s"
558,"PDL","Projeto de Decreto Legislativo de Perempção da Concessão",,"s"
559,"PDL","Projeto de Decreto Legislativo de Aprovação de Contas dos Presidentes",,"s"
560,"PDL","Projeto de Decreto Legislativo de Alteração de Decreto Legislativo",,"s"
561,"PDL","Projeto de Decreto Legislativo de Autorização do Congresso Nacional",,"s"
562,"PDL","Projeto de Decreto Legislativo de Ministro do TCU",,"s"
563,"PDL","Projeto de Decreto Legislativo de Perempção",,"s"
600,"CCN","Consulta do Congresso Nacional","Solicitação feita pela Claudia da SGM em 31/05/2005 as 14:30 (Incluído por MarceloLapa).
","n"
601,"PDC","Projeto de Decreto Legislativo de Perempção",,"n"
602,"MSC","Mensagem Revogação ou Anulação de Portaria",,"n"
603,"ADD","Adendo",,"n"
604,"DEC","Decisão",,"n"
605,"ATC","Ato Convocatório",,"n"
606,"PRST","Parecer à Redação para o Segundo Turno",,"n"
607,"RLP(V)","Relatório Prévio Vencedor",,"n"
608,"EMA","Emenda Aglutinativa de Plenário",,"n"
609,"REQ","Requerimento de Criação de Frente Parlamentar",,"n"
610,"DOC","Documento",,"n"
611,"SOR","Sugestão de Emenda ao Orçamento - Comissões",,"n"
612,"SLD","Sugestão de Emenda à LDO - Comissões",,"n"
613,"SPP","Sugestão de Emenda ao PPA - Comissões",,"n"
614,"RPA","Relatório Parcial",,"n"
615,"MTC","Mensagem (TCU)",,"n"
616,"SPP-R","Sugestão de Emenda ao PPA - revisão (Comissões)",,"n"
617,"SPA-R","Sugestão de Emenda ao PPA - revisão (CLP)",,"n"
618,"REC","Recurso do Conselho de Ética que contraria norma constitucional ou regimental (Art. 13 ou 14, CEDP)",,"n"
619,"RFP","Refomulação de Parecer - art. 130, parágrafo único do RICD.",,"n"
620,"PPP","Parecer Proferido em Plenário - Notas Taquigráficas",,"n"
621,"PSS","Parecer às Emendas ou ao Substitutivo do Senado - Notas Taquigráficas",,"n"
622,"PRVP","Proposta de Redação do Vencido em Primeiro Turno",,"n"
623,"MSC","Mensagem de Afastamento/Interrupção de tratamento de saúde",,"n"
624,"SUC","Sugestão a Projeto de Consolidação de Leis",,"s"
625,"REQ","Requerimento de Prejudicialidade",,"n"
626,"MSC","Mensagem de Cessão de Imóvel",,"n"
627,"TVR","Perempção de Rádio/TV",,"n"
628,"TVR","Revogação ou Anulação de Portaria de Rádio/TV",,"n"
629,"TVR","Transferência de Controle Societário",,"n"
630,"REC","Recurso contra indeferimento liminar de emenda à Medida Provisória (Art. 125, caput, RICD)",,"n"
631,"REL","Relatório de Comissão Externa",,"n"
632,"PLN","Projeto de Lei (CN)",,"s"
633,"PLN","Projeto de Lei (CN) de Alteração do PPA e LDO",,"s"
634,"PDN","Projeto de Decreto Legislativo (CN)",,"s"
635,"AVN","Aviso (CN)",,"n"
636,"AVN","Aviso (CN) de Relatório de Atividades do TCU",,"n"
637,"AVN","Aviso (CN) de Relatório de Gestão Fiscal",,"n"
638,"AVN","Aviso (CN) de Demonstrações Financeiras do Banco Central do Brasil",,"n"
639,"AVN","Aviso (CN) de Contas do Governo da República",,"n"
640,"AVN","Aviso (CN) de Relatório de Desempenho do Fundo Soberano do Brasil",,"n"
641,"AVN","Aviso (CN) de Subtítulos com Indícios de Irregularidades Graves Apontadas pelo TCU",,"n"
642,"AVN","Aviso (CN) de Operações de Redesconto e Empréstimo realizadas pelo Banco Central",,"n"
643,"MCN","Mensagem (CN)",,"n"
644,"OFN","Ofício (CN)",,"n"
645,"MCN","Mensagem (CN) de Relatório de Avaliação do Cumprimento das Metas Fiscais/Superávit Primário, MCN",,"n"
646,"MCN","Mensagem (CN) de Relatório de Gestão Fiscal, MCN",,"n"
647,"MCN","Mensagem (CN) de Operações de Crédito Incluídas na LOA Pedentes de Contratação, MCN",,"n"
648,"MCN","Mensagem (CN) de Relatório de Avaliação do PPA, MCN",,"n"
649,"MCN","Mensagem (CN) de Contas do Governo da República, MCN",,"n"
650,"MCN","Mensagem (CN) de Relatório de Avaliação de Receitas e Despesas, MCN",,"n"
651,"OFN","Ofício (CN) de Relatório de Gestão Fiscal",,"n"
652,"OFN","Ofício (CN) de Relatório Trimestral Gerencial do BNDES",,"n"
653,"OFN","Ofício (CN) de Operações de Empréstimo de Capital de Giro Contratadas pela Caixa Econômica Federal",,"n"
654,"OFN","Ofício (CN) de Demonstrações Contábeis de Fundo Constitucional de Financiamento",,"n"
655,"OFN","Ofício (CN) de Contas do Governo da República",,"n"
656,"OFN","Ofício (CN) de Subtítulos com Indícios de Irregularidades Graves apontadas pelo TCU",,"n"
657,"PLN","Projeto de Lei (CN) de Crédito Especial",,"s"
658,"PLN","Projeto de Lei (CN) de Crédito Suplementar",,"s"
659,"PLN","Projeto de Lei (CN) de Lei Orçamentária Anual (LOA)",,"s"
660,"PLN","Projeto de Lei (CN) de Lei de Diretrizes Orçamentárias (LDO)",,"s"
661,"PLN","Projeto de Lei (CN) de Plano Plurianual",,"s"
662,"MSF","Mensagem (SF)",,"n"
663,"PRP","Parecer do Relator Parcial",,"n"
664,"REQ","Requerimento de Retirada de Emenda a Medida Provisória",,"n"
665,"EMRP","Emenda de Relator Parcial",,"n"
666,"CAC","Comunicado de Alteração do Controle Societário",,"n"
667,"RRL","Relatório do Relator (CMO)",,"n"
668,"CVR","Contestação ao Voto do Relator",,"n"
669,"PARF","Parecer de Comissão para Redação Final",,"n"
670,"MPV","Medida Provisória de Crédito Extraordinário",,"n"
671,"OFN","Ofício (CN) de Relatório de Atividades da Autoridade Pública Olímpica - APO",,"n"
672,"AVN","Aviso (CN) de Relatório de Gestão Fiscal do Tribunal de Contas da União",,"n"
673,"OFN","Ofício (CN) de Lei de Incentivo ao Esporte",,"n"
674,"SRL","Sugestão de Emenda a Relatório",,"n"
675,"RPL","Relatório Preliminar",,"n"
676,"RRC","Relatório de Receita",,"n"
679,"RPLE","Relatório Preliminar Apresentado com Emendas",,"n"
680,"ERR","Errata",,"n"
681,"CAE","Relatório de Atividades do Comitê de Admissibilidade de Emendas (CAE)",,"n"
682,"COI","Relatório do COI",,"n"
683,"RAT","Relatório Setorial",,"n"
685,"CAE","Relatório do CAE",,"n"
686,"REQ","Requerimento de Participação ou Realização de Eventos fora da Câmara",,"n"
687,"REQ","Requerimento de Reapresentação de Projeto de Lei Rejeitado na mesma Sessão Legislativa",,"n"
688,"REQ","Requerimento de Inclusão de Matéria Extra-Pauta na Ordem do Dia das Comissões",,"n"
689,"OFN","Ofício (CN) de Informações de Execução das Obras do PAC",,"n"
690,"OFS","Ofício do Senado Federal",,"n"
691,"OFS","Ofício do Senado Federal de Fundo Constitucional de Financiamento ",,"n"
692,"PLN","Projeto de Lei (CN) de Alteração da LDO",,"s"
693,"PLN","Projeto de Lei (CN) de Alteração da LOA",,"s"
694,"MSG","Mensagem (SF)",,"n"
695,"MSG","Mensagem (SF) de Contas do Governo da República",,"n"
696,"OFN","Ofício (CN) de Demonstrações Contábeis do Fundo Constitucional de Financiamento do Norte (FNO)",,"n"
697,"OFN","Ofício (CN) de Demonstrações Contábeis do Fundo Constitucional de Financiamento do Centro-Oeste (FCO)",,"n"
698,"OFN","Ofício (CN) de Demonstrações Contábeis do Fundo Constitucional de Financiamento do Nordeste (FNE).",,"n"
699,"PLN","Projeto de Lei (CN) de Alteração do PPA",,"s"
700,,"Outras Proposições - Comissão Mista",,"n"
701,"SBT-A","Substitutivo adotado pela Comissão",,"n"
702,"EMC-A","Emenda Adotada pela Comissão",,"n"
703,"SBE-A","Subemenda Adotada pela Comissão",,"n"
704,"RPLOA","Relatório Preliminar",,"n"
705,"ANEXO","Anexo",,"n"
706,"EMPV","Emenda à Medida Provisória (CN)",,"n"
707,"REL","Relatório do Congresso Nacional",,"n"
708,"OF","Ofício do Congresso Nacional",,"n"
709,"SBR","Subemenda de Relator",,"n"
710,"AVN","Aviso (CN) de Contas do Gestor Federal do SUS",,"n"
711,"OFN","Ofício (CN) de Demonstrações Financeiras do Banco Central do Brasil",,"n"
712,"AVN","Aviso (CN) de Contas do TCU",,"n"
713,"ERD-A","Emenda de Redação Adotada",,"n"
714,"PIN","Proposta de Instrução Normativa",,"n"
715,"OFN","Ofício (CN) de Contas do TCU",,"n"
810,"ATA","Ata",,"n"
814,"CRVITAEDOC","Curriculum Vitae/Outro Documento",,"n"
822,"OF","Ofício do Congresso Nacional",,"n"
823,"OF","Ofício do Senado Federal",,"n"
830,"PR/CNMP","Parecer do Conselho Nacional do Ministério Público",,"n"
831,"PR/CNJ","Parecer do Conselho Nacional de Justiça",,"n"
832,"OFN","Ofício (CN) de Relatório Anual da Agência Nacional de Transportes Aquaviários - Antaq",,"n"
833,,"L) DOCUMENTOS DE CPI",,"n"
834,"DOCCPI","Documento de CPI",,"n"
835,"DOCCPI","Documento de CPI sigiloso",,"n"
836,"OFJ","Ofício de Órgão do Poder Judiciário",,"n"
837,"OFE","Ofício de Órgão do Poder Executivo",,"n"
838,"MAD","Manifestação do(a) Denunciado(a)",,"n"
839,"PDC","Projeto de Decreto Legislativo sobre Declaração de Guerra e correlatos",,"s"
840,"PDC","Projeto de Decreto Legislativo sobre Estado de Defesa, Estado de Sítio e Intervenção Federal nos Estados",,"s"
841,"PDC","Projeto de Decreto Legislativo sobre transferência temporária da sede do Governo Federal",,"s"
842,"PDC","Projeto de Decreto Legislativo para autorizar o Presidente ou o Vice-Presidente da República a se ausentarem do paíse, por mais de 15 dias (art. 49, II, CF)",,"s"
843,"SIP","Solicitação para instauração de processo","Artigo 217 do RICD","n"
844,"REC","Recurso contra aplicação de censura escrita (Art. 12, § 2º do CEDP)","Contra aplicação de censura escrita (Art. 12, § 2º do CEDP)","n"
845,"OF","Demonstrativo de emissão do real",,"n"
846,"DTQ","Destaque para Votação em Separado",,"n"
847,"DTQ","Destaque de Bancada",,"n"
848,"RCEX","Relatório de Comissão Externa",,"n"
849,"RCEL","Relatório de Comissão de Estudo Legislativo",,"n"
850,"DEF","Defesa Escrita",,"n"
851,"DEF","Defesa Prévia",,"n"
852,"PRLP","Parecer Preliminar",,"n"
853,"PRLP(V)","Parecer Preliminar Vencedor",,"n"
854,"RGT","Relatório de Grupo de Trabalho",,"n"
855,"REL-A","Relatório Adotado pela Comissão",,"n"
856,"RRR","Relatório Reformulado",,"n"
857,"RVC","Relatório Vencedor",,"n"
858,"CMC","Comunicação de Medida Cautelar",,"n"
859,"DOC","Indicação de Líder de Partido ou Bloco Parlamentar",,"n"
860,"DOC","Indicação de Vice-Líder de Partido ou Bloco Parlamentar",,"n"
861,"DOC","Adesão a Grupo ou Frente Parlamentar Registrada",,"n"
862,"DOC","Desligamento de Frente Parlamentar Registrada",,"n"
863,"DOC","Constituição de Bloco Parlamentar",,"n"
864,"DOC","Adesão a Bloco Parlamentar",,"n"
865,"DOC","Desligamento de Bloco Parlamentar",,"n"
866,"DOC","Indicação de Coordenador de Bancada Estadual",,"n"
867,"REQ","Requerimento de Inclusão na Ordem do Dia (Res 14/20, art. 4º, §3º)",,"n"
868,"MIP","Minuta de Proposição Legislativa",,"n"
869,"EMC","Emenda à PEC",,"n"
870,"EMP","Emenda de Plenário a Projeto com Urgência ",,"n"
871,"EMP","Emenda de Plenário a Projeto em Fase de Discussão do 2º Turno ",,"n"
872,"ERD","Emenda de Redação em Plenário",,"n"
873,"EMP","Emenda de Plenário à MPV (Ato Conjunto 1/20)",,"n"
874,"RPD","Requerimento de Discussão por Partes",,"n"
875,"RPD","Requerimento de quebra de insterstício para verificação de votação",,"n"
876,"RPD","Requerimento de inversão de pauta",,"n"
877,"RPD","Requerimento de Encerramento da Discussão de Projeto de Código",,"n"
878,"REQ","Requerimento de Urgência (art. 154, I ou III, do RICD)",,"n"
887,"ECN","Emenda (CN)","Emenda a Projeto do Congresso Nacional","n"
888,"DTS","Destaque Simples",,"n"
889,"RPD","Requerimento de Retirada de Proposição de Iniciativa Individual em Plenário",,"n"
890,"RPD","Requerimento de Retirada de Proposição de Iniciativa Coletiva em Plenário",,"n"
891,"PRLP","Parecer Preliminar de Plenário",,"n"
892,"RPD","Requerimento de Adiamento da Discussão de Matéria Urgente",,"n"
895,"AJECN","Ajuste de Emenda Orçamentária (CN)","Ajuste de Emenda Orçamentária do Congresso Nacional","n"
896,"SRL","Sugestão a Relatório (CN)","Sugestão a Relatório do Congresso Nacional","n"
897,"ATACN","Ata (CN)","Ata do Congresso Nacional","n"
898,"REQ","REQ - Tramitação de tratado internacional nos termos do art. 5º, § 3º, da CF","Requerimento - Tramitação de tratado internacional nos termos do art. 5º, § 3º, da CF","n"
1000,"RPD","Requerimento de Encerramento da Discussão e do Encaminhamento de Matéria Urgente",,"n"
1001,"PRLE","Parecer Preliminar às Emendas de Plenário",,"n"
1002,"DOC","Denominação de Bloco Parlamentar",,"n"
1003,"DOC","Ofício da Primeira-Secretaria",,"n"
1004,"PRO","Proposta de Plano para Comissão",,"n"
1005,"PRO","Proposta de Regulamento",,"n"
1006,"RLG","Relatório Geral",,"n"
1007,"QO","Questão de Ordem",,"n"
1008,"APM","Complemento de Apoiamento",,
